Tipo,(Vários itens)
STATUS,(Vários itens)
,
Rótulos de Linha,Soma de VALOR
08. Agosto,779463.8440000002
09. Setembro,212826.5360000001
10. Outubro,71777.82800000001
11. Novembro,-165231.75
(vazio),-475077.7899999999
Total Geral,423758.6680000004
